{"healthPlayer":18.0,"healthMaxPlayer":20.0,"levelPlayer":0.0,"expPlayer":0.0,"roomCurrent":0,"posicionPlayer":{"x":-137.94468688964845,"y":-19.88026237487793,"z":0.0},"posicionCamera":{"x":-149.38999938964845,"y":-20.1200008392334,"z":-10.0}}