{"healthPlayer":20.0,"healthMaxPlayer":20.0,"levelPlayer":-1.0,"expPlayer":0.0,"roomCurrent":0,"posicionPlayer":{"x":-141.04917907714845,"y":-22.68427085876465,"z":0.0},"posicionCamera":{"x":-149.44000244140626,"y":-20.770000457763673,"z":-10.0}}