{"healthPlayer":20.0,"healthMaxPlayer":20.0,"levelPlayer":0.0,"expPlayer":0.0,"roomCurrent":1,"posicionPlayer":{"x":-125.43658447265625,"y":-19.123088836669923,"z":0.0},"posicionCamera":{"x":-119.41999816894531,"y":-20.1200008392334,"z":-10.0}}