{"healthPlayer":20.0,"healthMaxPlayer":20.0,"levelPlayer":-1.0,"expPlayer":0.0,"roomCurrent":0,"posicionPlayer":{"x":305.4889221191406,"y":278.9747009277344,"z":0.0},"posicionCamera":{"x":299.8500061035156,"y":277.05999755859377,"z":-10.0}}