{"healthPlayer":20.0,"levelPlayer":0.0,"expPlayer":0.0,"roomCurrent":1,"posicionPlayer":{"x":-124.2475357055664,"y":-15.41457462310791,"z":0.0}}