{"healthPlayer":20.0,"healthMaxPlayer":20.0,"levelPlayer":-1.0,"expPlayer":0.0,"roomCurrent":0,"posicionPlayer":{"x":-135.90687561035157,"y":-20.22890281677246,"z":0.0},"posicionCamera":{"x":-149.47000122070313,"y":-20.760000228881837,"z":-10.0}}