{"healthPlayer":15.0,"healthMaxPlayer":20.0,"levelPlayer":1.0,"expPlayer":28.0,"roomCurrent":18,"posicionPlayer":{"x":59.619720458984378,"y":128.4798126220703,"z":0.0},"posicionCamera":{"x":60.22999954223633,"y":119.39999389648438,"z":-10.0}}