{"healthPlayer":20.0,"healthMaxPlayer":20.0,"levelPlayer":-1.0,"expPlayer":0.0,"roomCurrent":0,"posicionPlayer":{"x":-135.9241943359375,"y":-20.868621826171876,"z":0.0},"posicionCamera":{"x":-149.41000366210938,"y":-20.709999084472658,"z":-10.0}}