{"healthPlayer":12.0,"healthMaxPlayer":20.0,"levelPlayer":0.0,"expPlayer":0.0,"roomCurrent":1,"posicionPlayer":{"x":-123.6977310180664,"y":-17.34811019897461,"z":0.0}}