{"healthPlayer":20.0,"healthMaxPlayer":20.0,"levelPlayer":-1.0,"expPlayer":0.0,"roomCurrent":0,"posicionPlayer":{"x":-135.91944885253907,"y":-20.021560668945314,"z":0.0},"posicionCamera":{"x":-149.47000122070313,"y":-20.760000228881837,"z":-10.0}}