{"healthPlayer":12.0,"healthMaxPlayer":20.0,"levelPlayer":0.0,"expPlayer":0.0,"roomCurrent":4,"posicionPlayer":{"x":-59.017635345458987,"y":-40.092681884765628,"z":0.0},"posicionCamera":{"x":-59.47999954223633,"y":-40.0,"z":-10.0}}