{"healthPlayer":20.0,"healthMaxPlayer":20.0,"levelPlayer":2.0,"expPlayer":0.0,"roomCurrent":1,"posicionPlayer":{"x":-138.88938903808595,"y":-20.127912521362306,"z":0.0},"posicionCamera":{"x":-119.41999816894531,"y":-20.1200008392334,"z":-10.0}}