{"healthPlayer":8.0,"healthMaxPlayer":20.0,"levelPlayer":0.0,"expPlayer":0.0,"roomCurrent":4,"posicionPlayer":{"x":-52.98041915893555,"y":-32.6191520690918,"z":0.0},"posicionCamera":{"x":-59.47999954223633,"y":-40.0,"z":-10.0}}