{"healthPlayer":20.0,"healthMaxPlayer":20.0,"levelPlayer":0.0,"expPlayer":0.0,"roomCurrent":1,"posicionPlayer":{"x":-127.26825714111328,"y":-23.716503143310548,"z":0.0},"posicionCamera":{"x":-119.41999816894531,"y":-20.1200008392334,"z":-10.0}}