{"healthPlayer":20.0,"healthMaxPlayer":20.0,"levelPlayer":-1.0,"expPlayer":0.0,"roomCurrent":0,"posicionPlayer":{"x":-135.86767578125,"y":-20.734880447387697,"z":0.0},"posicionCamera":{"x":-149.33999633789063,"y":-20.739999771118165,"z":-10.0}}