{"healthPlayer":16.0,"healthMaxPlayer":20.0,"levelPlayer":0.0,"expPlayer":0.0,"roomCurrent":8,"posicionPlayer":{"x":12.390483856201172,"y":-4.694819927215576,"z":0.0},"posicionCamera":{"x":0.30000001192092898,"y":-0.10000000149011612,"z":-10.0}}