{"healthPlayer":20.0,"healthMaxPlayer":20.0,"levelPlayer":0.0,"expPlayer":0.0,"roomCurrent":1,"posicionPlayer":{"x":-125.31285095214844,"y":-19.589998245239259,"z":0.0},"posicionCamera":{"x":-119.41999816894531,"y":-20.1200008392334,"z":-10.0}}