{"healthPlayer":11.0,"healthMaxPlayer":20.0,"levelPlayer":3.0,"expPlayer":70.0,"roomCurrent":48,"posicionPlayer":{"x":119.91046142578125,"y":277.9167785644531,"z":0.0},"posicionCamera":{"x":119.0999984741211,"y":270.3900146484375,"z":-10.0}}