{"healthPlayer":10.0,"healthMaxPlayer":20.0,"levelPlayer":2.0,"expPlayer":0.0,"roomCurrent":24,"posicionPlayer":{"x":131.2255401611328,"y":199.76744079589845,"z":0.0},"posicionCamera":{"x":120.13999938964844,"y":198.41000366210938,"z":-10.0}}