{"healthPlayer":0.0,"healthMaxPlayer":20.0,"levelPlayer":-1.0,"expPlayer":0.0,"roomCurrent":0,"posicionPlayer":{"x":-135.9892120361328,"y":-20.36444664001465,"z":0.0},"posicionCamera":{"x":-149.38999938964845,"y":-20.1200008392334,"z":-10.0}}